<keymap version="1" name="jhk's workflow" parent="$default">
  <action id="$Copy">
    <keyboard-shortcut first-keystroke="meta c" second-keystroke="meta c" />
    <keyboard-shortcut first-keystroke="ctrl c" second-keystroke="ctrl c" />
  </action>
  <action id="$Cut">
    <keyboard-shortcut first-keystroke="ctrl x" />
    <keyboard-shortcut first-keystroke="shift delete" />
    <keyboard-shortcut first-keystroke="meta c" second-keystroke="meta x" />
  </action>
  <action id="$Delete" />
  <action id="$Paste">
    <keyboard-shortcut first-keystroke="ctrl c" second-keystroke="ctrl v" />
    <keyboard-shortcut first-keystroke="meta c" second-keystroke="meta v" />
  </action>
  <action id="$SelectAll">
    <keyboard-shortcut first-keystroke="ctrl c" second-keystroke="ctrl a" />
    <keyboard-shortcut first-keystroke="meta c" second-keystroke="meta a" />
  </action>
  <action id="ActivateLogcatToolWindow">
    <keyboard-shortcut first-keystroke="alt 6" />
  </action>
  <action id="ActivateTODOToolWindow" />
  <action id="ChangesView.AddUnversioned" />
  <action id="ChangesView.GroupBy.Directory" />
  <action id="ChangesView.GroupBy.Module" />
  <action id="ChangesView.Move" />
  <action id="ChangesView.Rename" />
  <action id="ChangesView.Revert" />
  <action id="ChangesView.SetDefault" />
  <action id="ChangesView.ShelveSilently" />
  <action id="ChangesView.UnshelveSilently" />
  <action id="CheckinProject" />
  <action id="ChooseRunConfiguration">
    <keyboard-shortcut first-keystroke="shift alt f10" />
    <keyboard-shortcut first-keystroke="shift meta f10" />
  </action>
  <action id="CloseAllEditors">
    <keyboard-shortcut first-keystroke="ctrl c" second-keystroke="ctrl k" />
    <keyboard-shortcut first-keystroke="meta c" second-keystroke="meta k" />
  </action>
  <action id="CloseContent">
    <keyboard-shortcut first-keystroke="ctrl k" />
    <keyboard-shortcut first-keystroke="meta k" />
  </action>
  <action id="CompareTwoFiles" />
  <action id="CompileDirty">
    <keyboard-shortcut first-keystroke="ctrl c" second-keystroke="ctrl b" />
  </action>
  <action id="CopyPaths">
    <keyboard-shortcut first-keystroke="shift ctrl c" />
    <keyboard-shortcut first-keystroke="shift meta c" />
  </action>
  <action id="Debug">
    <keyboard-shortcut first-keystroke="ctrl c" second-keystroke="ctrl d" />
    <keyboard-shortcut first-keystroke="meta c" second-keystroke="meta d" />
  </action>
  <action id="Diff.ApplyLeftSide" />
  <action id="Diff.ApplyRightSide" />
  <action id="Diff.FocusOppositePane" />
  <action id="Diff.FocusOppositePaneAndScroll" />
  <action id="Diff.NextChange" />
  <action id="Diff.PrevChange" />
  <action id="Diff.ShowDiff" />
  <action id="Diff.ShowSettingsPopup" />
  <action id="DirDiffMenu.SynchronizeDiff" />
  <action id="DirDiffMenu.SynchronizeDiff.All" />
  <action id="Editor Copy">
    <keyboard-shortcut first-keystroke="meta c" second-keystroke="meta c" />
    <keyboard-shortcut first-keystroke="ctrl c" second-keystroke="ctrl c" />
  </action>
  <action id="Editor Cut">
    <keyboard-shortcut first-keystroke="ctrl c" second-keystroke="ctrl x" />
    <keyboard-shortcut first-keystroke="meta c" second-keystroke="meta x" />
  </action>
  <action id="Editor Paste">
    <keyboard-shortcut first-keystroke="ctrl c" second-keystroke="ctrl v" />
    <keyboard-shortcut first-keystroke="meta c" second-keystroke="meta v" />
  </action>
  <action id="Editor SelectAll">
    <keyboard-shortcut first-keystroke="ctrl c" second-keystroke="ctrl a" />
    <keyboard-shortcut first-keystroke="meta c" second-keystroke="meta a" />
  </action>
  <action id="EditorSelectWord">
    <keyboard-shortcut first-keystroke="ctrl w" />
    <keyboard-shortcut first-keystroke="meta w" />
  </action>
  <action id="EditorUnSelectWord">
    <keyboard-shortcut first-keystroke="shift ctrl w" />
    <keyboard-shortcut first-keystroke="shift meta w" />
  </action>
  <action id="Generate">
    <keyboard-shortcut first-keystroke="ctrl c" second-keystroke="ctrl g" />
  </action>
  <action id="Git.Branches" />
  <action id="GotoChangedFile" />
  <action id="NextDiff" />
  <action id="PreviousDiff" />
  <action id="RenameElement">
    <keyboard-shortcut first-keystroke="ctrl c" second-keystroke="ctrl e" />
  </action>
  <action id="Run">
    <keyboard-shortcut first-keystroke="ctrl c" second-keystroke="ctrl r" />
    <keyboard-shortcut first-keystroke="meta c" second-keystroke="meta r" />
  </action>
  <action id="ShelveChanges.UnshelveWithDialog" />
  <action id="ShelvedChanges.Rename" />
  <action id="Stop">
    <keyboard-shortcut first-keystroke="ctrl f2" />
    <keyboard-shortcut first-keystroke="ctrl c" second-keystroke="ctrl s" />
  </action>
  <action id="UpdateRunningApplication" />
  <action id="Vcs.Log.FocusTextFilter" />
  <action id="Vcs.Log.GoToChild" />
  <action id="Vcs.Log.GoToParent" />
  <action id="Vcs.MoveChangedLinesToChangelist" />
  <action id="Vcs.Push" />
  <action id="Vcs.QuickListPopupAction" />
  <action id="Vcs.RollbackChangedLines" />
  <action id="Vcs.ShowMessageHistory" />
  <action id="Vcs.UpdateProject" />
  <action id="VcsHistory.ShowAllAffected" />
  <action id="VcsShowNextChangeMarker" />
  <action id="VcsShowPrevChangeMarker" />
  <action id="android.deploy.ApplyChanges">
    <keyboard-shortcut first-keystroke="ctrl f10" />
    <keyboard-shortcut first-keystroke="meta f10" />
  </action>
  <action id="android.deploy.CodeSwap">
    <keyboard-shortcut first-keystroke="ctrl alt f10" />
    <keyboard-shortcut first-keystroke="meta alt f10" />
  </action>
</keymap>