<application>
  <component name="VimEditorSettings">
    <editor>
      <key-repeat enabled="true" />
    </editor>
  </component>
  <component name="VimHistorySettings">
    <history>
      <history-search>
        <entry>repo</entry>
        <entry>room</entry>
        <entry>gradle</entry>
        <entry>kotlin</entry>
      </history-search>
    </history>
  </component>
  <component name="VimKeySettings">
    <shortcut-conflicts>
      <shortcut-conflict owner="ide">
        <text>ctrl pressed K</text>
      </shortcut-conflict>
    </shortcut-conflicts>
  </component>
  <component name="VimMarksSettings">
    <globalmarks />
    <filemarks>
      <file name="$USER_HOME$/Workspace/freelance-work/xtuner/android/app/src/main/java/com/xtuner/ke/WeightDialog.kt" timestamp="1595042823994">
        <mark key="[" line="18" column="0" />
        <mark key="]" line="18" column="0" />
        <mark key="." line="18" column="0" />
      </file>
      <file name="$USER_HOME$/Workspace/freelance-work/xtuner/android/app/build.gradle" timestamp="1595042314269">
        <mark key="'" line="58" column="72" />
        <mark key="[" line="62" column="24" />
        <mark key="]" line="62" column="4" />
        <mark key="." line="62" column="3" />
        <mark key="^" line="62" column="4" />
      </file>
      <file name="$USER_HOME$/Workspace/freelance-work/xtuner/android/build.gradle" timestamp="1595042627566">
        <mark key="[" line="6" column="17" />
        <mark key="]" line="8" column="0" />
        <mark key="^" line="25" column="22" />
        <mark key="." line="8" column="0" />
      </file>
    </filemarks>
    <jumps>
      <jump line="62" column="23" filename="$USER_HOME$/Workspace/freelance-work/xtuner/android/app/build.gradle" />
      <jump line="52" column="29" filename="$USER_HOME$/Workspace/freelance-work/xtuner/android/app/build.gradle" />
      <jump line="51" column="34" filename="$USER_HOME$/Workspace/freelance-work/xtuner/android/app/build.gradle" />
      <jump line="50" column="29" filename="$USER_HOME$/Workspace/freelance-work/xtuner/android/app/build.gradle" />
      <jump line="33" column="4" filename="$USER_HOME$/Workspace/freelance-work/xtuner/android/app/build.gradle" />
      <jump line="58" column="72" filename="$USER_HOME$/Workspace/freelance-work/xtuner/android/app/build.gradle" />
    </jumps>
  </component>
  <component name="VimRegisterSettings">
    <registers>
      <register name="1" type="2">
        <text encoding="base64">Cg==</text>
      </register>
      <register name="&quot;" type="2">
        <text encoding="base64">Cg==</text>
      </register>
      <register name="2" type="2">
        <text encoding="base64">ICAgICAgICBtYXZlbkNlbnRyYWwoKQo=</text>
      </register>
      <register name="/" type="4">
        <text>kotlin</text>
      </register>
    </registers>
  </component>
  <component name="VimSearchSettings">
    <search>
      <last-search>kotlin</last-search>
      <last-offset />
      <last-pattern>kotlin</last-pattern>
      <last-dir>-1</last-dir>
      <show-last>false</show-last>
    </search>
  </component>
  <component name="VimSettings">
    <state version="6" enabled="true" />
    <notifications>
      <idea-join enabled="false" />
      <idea-put enabled="false" />
    </notifications>
  </component>
</application>